City_ID,City,Country,Lat,Lng,Max Temp,Humidity,Cloudiness,Wind Speed,Current Description
0,Tiksi,RU,71.6872,128.8694,-12.42,91,19,10.47,few clouds
1,Qaanaaq,GL,77.484,-69.3632,-8.28,70,76,6.76,broken clouds
2,Mar Del Plata,AR,-38.0023,-57.5575,64.87,72,0,1.99,clear sky
3,Verkhnevilyuysk,RU,63.4453,120.3167,-15.18,98,100,1.03,overcast clouds
4,Saskylakh,RU,71.9167,114.0833,-17.45,93,20,3.02,few clouds
5,Ushuaia,AR,-54.8,-68.3,38.86,75,40,18.41,scattered clouds
6,Busselton,AU,-33.65,115.3333,81.05,46,0,9.48,clear sky
7,Nabire,ID,-3.3667,135.4833,86.54,63,96,3.8,overcast clouds
8,Vaini,TO,-21.2,-175.2,86.16,74,40,8.05,scattered clouds
9,Grand-Santi,GF,4.25,-54.3833,71.96,99,47,2.21,moderate rain
10,Mehamn,NO,71.0357,27.8492,19.76,94,100,7.61,light snow
11,Muswellbrook,AU,-32.2667,150.9,82.24,36,60,4.47,broken clouds
12,Lagoa,PT,39.05,-27.9833,56.64,60,100,5.06,overcast clouds
13,Venancio Aires,BR,-29.6064,-52.1919,68.27,44,0,3.58,clear sky
14,Geraldton,AU,-28.7667,114.6,84.61,61,0,5.75,clear sky
15,Thompson,CA,55.7435,-97.8558,-20.04,76,0,0.0,clear sky
16,Maragogi,BR,-9.0122,-35.2225,79.83,75,12,10.4,few clouds
17,Columbus,US,39.9612,-82.9988,21.11,83,100,8.05,haze
18,Avarua,CK,-21.2078,-159.775,75.25,88,20,4.61,light rain
19,Tasiilaq,GL,65.6145,-37.6368,21.36,91,100,20.71,light snow
20,Zverinogolovskoye,RU,54.4586,64.8542,7.97,97,100,3.24,overcast clouds
21,Shannon,IE,52.7039,-8.8642,41.0,93,40,10.36,scattered clouds
22,Wanning,CN,18.8003,110.3967,68.36,89,100,10.56,overcast clouds
23,San Rafael,AR,-34.6177,-68.3301,75.15,26,31,7.65,scattered clouds
24,Lorengau,PG,-2.0226,147.2712,83.98,73,92,2.86,overcast clouds
25,Rikitea,PF,-23.1203,-134.9692,79.0,70,3,14.58,clear sky
26,Faya,SA,18.3851,42.4509,48.31,62,11,2.19,few clouds
27,Lebu,CL,-37.6167,-73.65,57.61,91,98,5.28,overcast clouds
28,Carroll,US,39.5501,-77.0164,29.5,62,40,1.01,scattered clouds
29,Vao,NC,-22.6667,167.4833,80.46,80,99,9.13,overcast clouds
30,Mogos,PT,38.877,-9.0946,53.58,85,20,5.01,few clouds
31,Faanui,PF,-16.4833,-151.75,80.38,75,100,13.85,light rain
32,Alice Springs,AU,-23.7,133.8833,90.95,24,0,11.5,clear sky
33,Cape Town,ZA,-33.9258,18.4232,68.41,80,20,19.57,few clouds
34,Auki,SB,-8.7676,160.7034,77.81,90,100,3.0,heavy intensity rain
35,Iqaluit,CA,63.7506,-68.5145,-16.31,62,100,4.61,light snow
36,Punta Arenas,CL,-53.15,-70.9167,44.71,49,20,8.05,few clouds
37,Itoman,JP,26.1247,127.6694,64.78,88,75,19.57,broken clouds
38,Hermanus,ZA,-34.4187,19.2345,67.89,79,80,17.87,broken clouds
39,Ladario,BR,-19.0047,-57.6017,81.93,57,80,1.01,broken clouds
40,Buala,SB,-8.145,159.5921,80.38,84,100,6.62,light rain
41,Araouane,ML,18.9048,-3.5265,58.91,23,25,11.01,scattered clouds
42,Abu Samrah,SY,35.3029,37.1841,44.53,78,0,7.65,clear sky
43,Davila,PH,18.4726,120.5763,80.58,70,99,6.31,overcast clouds
44,Kodiak,US,57.79,-152.4072,38.71,65,0,0.0,clear sky
45,Bredasdorp,ZA,-34.5322,20.0403,67.32,73,99,8.05,overcast clouds
46,Albany,US,42.6001,-73.9662,21.15,59,29,1.01,scattered clouds
47,Luchegorsk,RU,46.4764,134.2569,8.92,89,97,1.03,overcast clouds
48,Peniche,PT,39.3558,-9.3811,54.63,85,0,14.27,clear sky
49,Souillac,MU,-20.5167,57.5167,80.98,89,40,6.91,light rain
50,Ilulissat,GL,69.2167,-51.1,6.82,72,100,13.8,light shower snow
51,Padang,ID,-0.9492,100.3543,86.05,62,63,0.74,broken clouds
52,Saint-Philippe,RE,-21.3585,55.7679,80.15,87,38,11.43,scattered clouds
53,Kashi,CN,39.4547,75.9797,29.41,46,0,8.95,clear sky
54,Khatanga,RU,71.9667,102.5,-27.56,100,52,2.33,broken clouds
55,Chuy,UY,-33.6971,-53.4616,58.44,67,5,7.31,clear sky
56,Vrangel,RU,42.7297,133.0839,21.0,39,100,5.1,overcast clouds
57,Kapaa,US,22.0752,-159.319,78.78,65,0,17.27,clear sky
58,Ribeira Grande,PT,38.5167,-28.7,58.08,69,100,3.51,overcast clouds
59,Jamestown,US,42.097,-79.2353,15.12,67,100,5.75,overcast clouds
60,Port Alfred,ZA,-33.5906,26.891,68.83,90,58,15.21,light rain
61,Gori,GE,41.9842,44.1158,32.67,93,100,13.11,overcast clouds
62,Bone,DE,51.9669,12.1396,42.91,68,92,13.44,overcast clouds
63,Olafsvik,IS,64.8945,-23.7142,32.45,72,100,12.53,heavy snow
64,Henties Bay,NA,-22.116,14.2845,71.85,87,68,5.91,broken clouds
65,Severo-Kurilsk,RU,50.6789,156.125,26.58,67,58,15.75,broken clouds
66,Ulladulla,AU,-35.35,150.4667,84.78,40,84,11.88,broken clouds
67,Puerto Ayora,EC,-0.7393,-90.3518,74.55,94,95,3.47,overcast clouds
68,Hithadhoo,MV,-0.6,73.0833,82.09,74,52,12.8,broken clouds
69,Labuhan,ID,-6.8844,112.2051,78.3,86,92,5.44,light rain
70,Sept-Iles,CA,50.2001,-66.3821,-5.94,77,0,5.75,clear sky
71,Kamaishi,JP,39.2667,141.8833,34.75,40,11,3.58,few clouds
72,Pontianak,ID,-0.0333,109.3333,82.38,78,20,3.44,few clouds
73,Angoche,MZ,-16.2325,39.9086,76.08,92,95,5.17,light rain
74,Bilibino,RU,68.0546,166.4372,-22.95,98,89,1.5,overcast clouds
75,Orlik,RU,52.5178,99.825,-19.75,96,73,2.37,broken clouds
76,Havoysund,NO,70.9963,24.6622,20.28,86,100,10.85,light snow
77,Castro,BR,-24.7911,-50.0119,65.43,89,97,2.48,overcast clouds
78,Broome,US,42.2506,-75.833,15.62,76,0,8.05,clear sky
79,Saint George,US,37.1041,-113.5841,61.39,19,0,1.01,clear sky
80,Hualmay,PE,-11.0964,-77.6139,71.38,80,100,9.6,overcast clouds
81,Bulgan,MN,48.8125,103.5347,-11.87,96,90,0.74,overcast clouds
82,Lompoc,US,34.6391,-120.4579,69.57,72,0,1.01,clear sky
83,Puerto Suarez,BO,-18.95,-57.8,82.53,57,94,0.43,overcast clouds
84,Lata,PT,40.1629,-8.3327,53.82,94,33,3.0,scattered clouds
85,Guerrero Negro,MX,27.9769,-114.0611,69.04,38,6,9.66,clear sky
86,Prince Rupert,CA,54.3161,-130.3201,46.09,87,100,6.91,overcast clouds
87,San Patricio,US,28.017,-97.5169,53.83,39,92,8.39,overcast clouds
88,Mataura,NZ,-46.1927,168.8643,66.47,35,100,2.75,overcast clouds
89,Bluff,NZ,-46.6,168.3333,66.79,63,100,1.57,overcast clouds
90,Cabo San Lucas,MX,22.8909,-109.9124,77.31,33,20,5.75,few clouds
91,Dikson,RU,73.5069,80.5464,-5.42,88,100,23.17,overcast clouds
92,La Ronge,CA,55.1001,-105.2842,7.05,78,100,8.05,overcast clouds
93,Atuona,PF,-9.8,-139.0333,77.61,79,17,13.56,light rain
94,Menongue,AO,-14.6585,17.691,63.46,94,100,2.64,overcast clouds
95,Liepaja,LV,56.5419,21.0367,35.65,87,0,13.8,clear sky
96,Jumla,NP,29.2747,82.1838,31.51,62,0,6.2,clear sky
97,Kindu,CD,-2.95,25.95,69.01,98,99,2.89,overcast clouds
98,Mangan,IN,27.5167,88.5333,56.3,40,0,3.67,clear sky
99,Fairbanks,US,64.8378,-147.7164,9.3,82,100,4.61,light snow
100,Nishihara,JP,26.1842,127.7558,64.06,88,75,19.57,broken clouds
101,Cherskiy,RU,68.75,161.3,-21.87,97,95,6.29,overcast clouds
102,Progreso,MX,21.2833,-89.6667,70.11,70,95,20.87,overcast clouds
103,Manta,EC,-0.95,-80.7333,78.58,83,75,5.75,broken clouds
104,Margate,GB,51.3813,1.3862,48.69,86,100,8.99,overcast clouds
105,Natal,BR,-5.795,-35.2094,81.25,83,40,9.22,scattered clouds
106,Camacupa,AO,-12.0167,17.4833,61.41,94,96,2.48,overcast clouds
107,Mandalgovi,MN,45.7625,106.2708,-4.74,89,62,10.11,broken clouds
108,Gizo,SB,-8.103,156.8419,84.49,69,78,6.4,broken clouds
109,Edgewater,US,28.9889,-80.9023,63.0,62,30,14.56,scattered clouds
110,Necochea,AR,-38.5473,-58.7368,56.03,52,0,6.24,clear sky
111,Dunedin,NZ,-45.8742,170.5036,61.81,61,72,8.99,broken clouds
112,Kattivakkam,IN,13.2167,80.3167,79.07,78,21,6.46,few clouds
113,Nianzishan,CN,47.5167,122.8833,3.96,73,43,4.59,scattered clouds
114,East London,ZA,-33.0153,27.9116,71.31,81,20,9.95,few clouds
115,Beringovskiy,RU,63.05,179.3167,-20.47,95,28,9.19,scattered clouds
116,Qasigiannguit,GL,68.8193,-51.1922,7.05,99,100,8.12,light snow
117,Kouroussa,GN,10.65,-9.8833,71.4,17,8,3.69,clear sky
118,New Norfolk,AU,-42.7826,147.0587,67.91,51,96,3.0,overcast clouds
119,Hobart,AU,-42.8794,147.3294,68.27,66,75,12.66,broken clouds
120,Malumfashi,NG,11.7853,7.6218,64.81,16,88,8.19,overcast clouds
121,Mayskiy,RU,47.6931,40.1025,20.61,74,1,3.6,clear sky
122,Sao Felix Do Xingu,BR,-6.6447,-51.995,70.38,90,100,1.45,overcast clouds
123,Houlton,US,46.1262,-67.8403,2.71,61,0,6.91,clear sky
124,Khudumelapye,BW,-23.8833,24.75,68.25,41,2,5.37,clear sky
125,Mareeba,AU,-17.0,145.4333,82.44,63,56,7.74,broken clouds
126,Tessalit,ML,20.1986,1.0114,60.03,23,60,10.8,broken clouds
127,Barrow,US,71.2906,-156.7887,-27.38,68,75,8.05,broken clouds
128,Brockville,CA,44.5834,-75.6826,6.58,75,100,4.32,overcast clouds
129,Yellowknife,CA,62.456,-114.3525,-19.59,90,40,5.75,scattered clouds
130,Vila,PT,42.0304,-8.1588,42.33,93,92,6.51,light snow
131,Kamiiso,JP,41.8167,140.65,35.98,55,20,10.36,few clouds
132,Clyde River,CA,70.4692,-68.5914,-14.57,76,100,26.46,light snow
133,Huilong,CN,31.8111,121.655,46.98,58,0,10.09,clear sky
134,Ponta Do Sol,PT,32.6667,-17.1,61.72,72,88,1.3,overcast clouds
135,Cayenne,GF,4.9333,-52.3333,80.1,85,75,4.0,broken clouds
136,Zonalnaya Stantsiya,RU,56.4269,85.0221,18.32,85,100,6.71,shower snow
137,Grand Gaube,MU,-20.0064,57.6608,81.0,80,100,7.0,overcast clouds
138,Hilo,US,19.7297,-155.09,78.53,72,20,8.05,few clouds
139,Arraial Do Cabo,BR,-22.9661,-42.0278,75.43,92,16,15.43,few clouds
140,Osa,RU,57.2829,55.4567,-0.87,100,100,1.1,overcast clouds
141,Port Elizabeth,ZA,-33.918,25.5701,66.49,94,100,8.05,overcast clouds
142,Owando,CG,-0.4819,15.8999,70.88,94,61,3.09,broken clouds
143,Carballo,ES,43.213,-8.691,50.76,90,46,7.63,scattered clouds
144,Vestmannaeyjar,IS,63.4427,-20.2734,34.72,75,100,31.29,overcast clouds
145,Tocopilla,CL,-22.092,-70.1979,70.57,72,20,7.29,few clouds
146,Korla,CN,41.7597,86.1469,27.27,52,9,3.89,clear sky
147,Los Llanos De Aridane,ES,28.6585,-17.9182,60.55,78,100,8.05,overcast clouds
148,Carauari,BR,-4.8828,-66.8958,73.08,100,100,1.1,light rain
149,Oildale,US,35.4197,-119.0195,70.61,33,0,4.61,clear sky
150,Kavieng,PG,-2.5744,150.7967,84.43,70,84,6.33,light rain
151,Rodos,GR,36.4408,28.2225,55.06,61,40,14.97,scattered clouds
152,Mayor Pablo Lagerenza,PY,-19.9309,-60.7718,74.91,70,100,5.66,overcast clouds
153,Kousseri,CM,12.0769,15.0306,70.92,31,72,8.32,broken clouds
154,Monterey,US,36.2505,-121.2516,65.05,42,6,7.05,clear sky
155,Comodoro Rivadavia,AR,-45.8667,-67.5,60.66,59,0,14.97,clear sky
156,Umm Lajj,SA,25.0213,37.2685,66.02,32,0,10.51,clear sky
157,Katsuura,JP,35.1333,140.3,46.11,68,99,23.6,overcast clouds
158,Campo Verde,BR,-20.4167,-54.0667,78.01,46,80,4.7,broken clouds
159,Chiriqui Grande,PA,8.95,-82.1167,82.08,89,77,7.11,broken clouds
160,Hami,CN,42.8,93.45,25.14,44,12,6.55,few clouds
161,Kungurtug,RU,50.5994,97.5228,-17.28,92,46,1.32,scattered clouds
162,Abu Dhabi,AE,24.4667,54.3667,62.96,85,0,10.36,clear sky
163,Provideniya,RU,64.3833,-173.3,-3.89,65,0,8.95,clear sky
164,Martapura,ID,-3.4167,114.85,86.09,70,0,2.3,clear sky
165,Shatalovo,RU,54.334,32.4465,20.86,90,93,13.11,overcast clouds
166,Ahipara,NZ,-35.1667,173.1667,70.84,55,17,11.52,few clouds
167,Rakkestad,NO,59.4251,11.3454,39.11,97,100,8.59,light rain
168,Vitoria Da Conquista,BR,-14.8661,-40.8394,65.03,97,99,4.88,heavy intensity rain
169,Inhambane,MZ,-23.865,35.3833,75.33,83,0,7.43,clear sky
170,Yar-Sale,RU,66.8333,70.8333,-19.86,99,100,7.25,overcast clouds
171,Sarlat-La-Caneda,FR,44.889,1.2166,50.67,92,100,9.37,overcast clouds
172,Samarai,PG,-10.6167,150.6667,83.23,69,69,7.92,broken clouds
173,Codrington,AU,-38.2667,141.9667,71.44,60,25,10.71,scattered clouds
174,Ixtapa,MX,20.7,-105.2,75.22,64,75,2.3,broken clouds
175,Saint-Georges,GD,12.0564,-61.7485,76.68,83,20,6.91,few clouds
176,Pascagoula,US,30.3658,-88.5561,42.85,80,0,0.0,clear sky
177,Te Anau,NZ,-45.4167,167.7167,68.36,45,100,1.74,overcast clouds
178,Butaritari,KI,3.0707,172.7902,81.12,77,32,12.28,light rain
179,Talcahuano,CL,-36.7167,-73.1167,60.48,77,100,6.91,overcast clouds
180,Lavrentiya,RU,65.5833,-171.0,-18.63,93,13,2.21,few clouds
181,Carnarvon,AU,-24.8667,113.6333,86.07,74,5,11.5,clear sky
182,Avera,US,33.194,-82.5271,46.71,34,0,15.39,clear sky
183,Hirara,JP,24.8,125.2833,66.47,82,75,23.02,broken clouds
184,Mantua,IT,45.1667,10.7833,41.74,77,54,1.99,broken clouds
185,Oussouye,SN,12.485,-16.5469,69.98,22,4,5.17,clear sky
186,Bambous Virieux,MU,-20.3428,57.7575,80.85,89,40,6.91,moderate rain
187,Narwana,IN,29.6167,76.1167,50.11,73,0,4.32,clear sky
188,East Patchogue,US,40.767,-72.9962,28.58,87,100,11.5,snow
189,Cam Ranh,VN,11.9214,109.1591,80.56,74,40,9.22,scattered clouds
190,Tecoanapa,MX,16.5167,-98.75,79.66,69,89,4.23,overcast clouds
191,College,US,64.8569,-147.8028,9.28,82,100,4.61,light snow
192,Boffa,GN,10.1667,-14.0333,74.5,88,9,3.24,clear sky
193,Broken Hill,AU,-31.95,141.4333,94.71,17,97,8.05,overcast clouds
194,Luebo,CD,-5.35,21.4167,69.87,93,100,2.1,overcast clouds
195,San Felipe,VE,10.3399,-68.7425,69.8,94,48,4.83,scattered clouds
196,Sao Filipe,CV,14.8961,-24.4956,73.36,68,84,10.76,broken clouds
197,Pisco,PE,-13.7,-76.2167,69.85,73,0,9.22,clear sky
198,Paamiut,GL,61.994,-49.6678,10.36,90,100,17.74,overcast clouds
199,Yatou,CN,37.15,122.3833,31.8,74,100,20.18,overcast clouds
200,Vardo,NO,70.3705,31.1107,23.59,87,100,17.11,light snow
201,Chokurdakh,RU,70.6333,147.9167,-14.03,97,83,8.32,broken clouds
202,Caravelas,BR,-17.7125,-39.2481,75.09,91,95,4.72,overcast clouds
203,Talnakh,RU,69.4865,88.3972,-8.05,70,10,8.79,clear sky
204,Adrar,MR,20.5022,-10.0711,59.85,24,95,10.83,overcast clouds
205,Tuktoyaktuk,CA,69.4541,-133.0374,-31.0,75,75,9.22,broken clouds
206,Bengkulu,ID,-3.8004,102.2655,81.36,71,99,2.77,overcast clouds
207,Pacific Grove,US,36.6177,-121.9166,72.0,85,100,3.44,fog
208,Bella Vista,US,36.4295,-94.2316,36.52,56,0,3.44,clear sky
209,Karratha,AU,-20.7377,116.8463,95.85,38,60,9.01,broken clouds
210,Ingham,US,42.6,-84.3833,14.18,87,75,0.0,broken clouds
211,Besikduzu,TR,41.052,39.2284,44.49,89,100,2.57,overcast clouds
212,Jangaon,IN,17.7167,79.1833,62.74,94,10,4.36,clear sky
213,Mackay,AU,-21.15,149.2,85.98,66,43,21.85,scattered clouds
214,Tiznit,MA,29.5833,-9.5,52.41,50,0,3.51,clear sky
215,Nanortalik,GL,60.1432,-45.2371,20.71,94,100,27.2,snow
216,Nikolskoye,RU,59.7035,30.7861,36.88,91,100,11.54,overcast clouds
217,Jerantut,MY,3.936,102.3626,78.46,86,99,1.34,overcast clouds
218,Bomet,KE,-0.7813,35.3416,55.11,82,91,2.77,overcast clouds
219,Georgetown,MY,5.4112,100.3354,84.13,76,20,5.75,few clouds
220,Kruisfontein,ZA,-34.0033,24.7314,65.88,92,100,11.9,light rain
221,Muroto,JP,33.2833,134.15,50.04,61,100,17.31,overcast clouds
222,Neuquen,AR,-38.9516,-68.0591,71.49,64,0,3.44,clear sky
223,Imbituba,BR,-28.24,-48.6703,76.82,94,56,4.5,broken clouds
224,Rinconada,MX,19.35,-96.5167,63.25,59,100,3.98,overcast clouds
225,San Quintin,MX,30.4833,-115.95,66.81,39,0,8.43,clear sky
226,Salinopolis,BR,-0.6136,-47.3561,77.85,89,100,10.18,heavy intensity rain
227,Gingoog,PH,8.8243,125.1042,80.94,58,52,4.79,broken clouds
228,Boyolangu,ID,-8.1181,111.8935,77.04,88,99,2.46,moderate rain
229,Honiara,SB,-9.4333,159.95,82.42,82,97,7.36,moderate rain
230,Biak,ID,-0.9131,122.8766,81.73,68,78,0.81,broken clouds
231,Nuuk,GL,64.1835,-51.7216,5.61,85,75,5.75,broken clouds
232,Esperance,AU,-33.8667,121.9,75.04,59,65,11.14,light rain
233,San Policarpo,PH,12.1791,125.5072,81.25,70,100,11.48,overcast clouds
234,Niono,ML,14.2526,-5.993,66.81,16,2,10.13,clear sky
235,Chum Phae,TH,16.5443,102.0992,76.8,66,77,6.26,light rain
236,Griffith,US,41.5284,-87.4237,14.9,67,0,8.05,clear sky
237,Port Hardy,CA,50.6996,-127.4199,49.75,71,100,5.75,overcast clouds
238,Baykit,RU,61.67,96.37,-20.63,100,55,3.56,broken clouds
239,Yulara,AU,-25.2406,130.9889,93.04,10,2,13.8,clear sky
240,Nouadhibou,MR,20.931,-17.0347,64.38,77,99,18.41,overcast clouds
241,Lyss,CH,47.0741,7.3066,38.25,81,8,2.3,clear sky
242,Forestville,US,38.8451,-76.875,31.46,65,0,9.22,clear sky
243,Parana,AR,-31.732,-60.5238,68.52,37,0,4.12,clear sky
244,Odweyne,SO,9.4092,45.064,63.0,39,94,10.96,overcast clouds
245,Klaksvik,FO,62.2266,-6.589,34.72,65,100,28.7,overcast clouds
246,Khelyulya,RU,61.7333,30.6833,33.57,98,100,11.56,light snow
247,Moranbah,AU,-22.0016,148.0466,85.98,43,16,21.23,few clouds
248,Dingle,PH,10.9995,122.6711,83.37,70,100,10.18,overcast clouds
249,Sibay,RU,52.7181,58.6658,9.41,94,96,6.24,overcast clouds
250,Santa Catalina,PH,9.3337,122.8637,84.24,65,100,6.08,overcast clouds
251,Leningradskiy,RU,69.3833,178.4167,-16.44,90,77,5.48,broken clouds
252,Yerbogachen,RU,61.2767,108.0108,-21.05,99,88,3.67,overcast clouds
253,Havelock,US,34.8791,-76.9013,44.83,81,100,1.99,overcast clouds
254,Kahului,US,20.8947,-156.47,78.82,67,40,13.8,scattered clouds
255,Namibe,AO,-15.1961,12.1522,73.69,84,100,1.68,overcast clouds
256,Airai,TL,-8.9266,125.4092,72.54,59,23,2.44,few clouds
257,Honningsvag,NO,70.9821,25.9704,21.94,87,100,11.59,overcast clouds
258,Lamu,KE,-2.2717,40.902,77.22,87,97,8.05,overcast clouds
259,Mao,ES,39.8885,4.2658,54.16,82,75,13.8,broken clouds
260,Zaozerne,UA,45.1582,33.2787,34.92,74,100,17.76,overcast clouds
261,Council Bluffs,US,41.2619,-95.8608,28.85,46,75,11.5,broken clouds
262,Sinnamary,GF,5.3833,-52.95,76.01,91,97,9.1,overcast clouds
263,Kavaratti,IN,10.5669,72.642,80.6,71,0,7.05,clear sky
264,Chardara,KZ,41.2547,67.9692,40.23,57,100,11.79,overcast clouds
265,Twentynine Palms,US,34.1356,-116.0542,69.66,9,2,2.15,clear sky
266,Ambilobe,MG,-13.2,49.05,71.6,94,17,1.88,few clouds
267,Forio,IT,40.7342,13.8646,53.82,83,34,1.01,scattered clouds
268,Kimbe,PG,-5.5502,150.1429,86.81,68,91,3.94,light rain
269,Russkaya Polyana,UA,49.417,31.9201,28.53,71,6,6.87,clear sky
270,Port Moresby,PG,-9.4431,147.1797,89.02,55,40,11.5,haze
271,Kalmunai,LK,7.4167,81.8167,77.81,79,81,9.42,broken clouds
272,Aklavik,CA,68.2191,-135.0107,-23.08,98,100,10.74,light snow
273,Tromso,NO,69.6496,18.957,26.62,80,75,4.0,broken clouds
274,La Asuncion,VE,11.0333,-63.8628,78.53,78,36,17.27,scattered clouds
275,Mumford,GH,5.2618,-0.759,78.84,85,97,7.11,light rain
276,Lac Du Bonnet,CA,50.2536,-96.0612,-7.55,99,97,4.56,overcast clouds
277,Palamos,ES,41.8484,3.1291,56.32,54,61,5.01,broken clouds
278,Asfi,MA,32.2994,-9.2372,55.47,83,19,7.67,few clouds
279,Mahebourg,MU,-20.4081,57.7,80.89,89,40,6.91,scattered clouds
280,Riviere-Au-Renard,CA,48.9957,-64.3971,5.0,93,25,7.54,scattered clouds
281,Teknaf,BD,20.8624,92.3058,64.94,49,2,4.65,clear sky
282,Dalvik,IS,65.9702,-18.5286,8.53,71,99,10.4,overcast clouds
283,Nybro,SE,56.7446,15.9071,38.05,84,100,9.78,overcast clouds
284,North Bend,US,43.4065,-124.2243,49.86,95,75,4.61,broken clouds
285,Torbay,CA,47.6666,-52.7314,32.76,86,100,10.36,overcast clouds
286,Bojnurd,IR,37.4747,57.329,35.55,80,100,16.11,overcast clouds
287,Myitkyina,MM,25.3833,97.4,60.39,52,0,2.98,clear sky
288,Hobyo,SO,5.3505,48.5268,76.59,71,67,16.55,broken clouds
289,Bethel,US,41.3712,-73.414,26.96,64,100,9.22,overcast clouds
290,Saint-Augustin,CA,51.226,-58.6502,-23.12,93,43,6.2,scattered clouds
291,San Juan,AR,-31.5375,-68.5364,77.65,34,6,3.27,clear sky
292,Cidreira,BR,-30.1811,-50.2056,68.77,88,24,2.75,few clouds
293,San Luis Rio Colorado,MX,32.4631,-114.7767,77.77,11,0,8.21,clear sky
294,Pangnirtung,CA,66.1451,-65.7125,-29.2,68,20,2.3,few clouds
295,Laguna,US,38.421,-121.4238,68.34,53,0,5.75,clear sky
296,Isangel,VU,-19.55,169.2667,85.69,69,57,10.38,broken clouds
297,Visnes,NO,59.3556,5.2242,41.58,93,100,14.97,drizzle
298,Isla Mujeres,MX,21.2311,-86.731,68.16,72,28,20.67,scattered clouds
299,Holme,DK,56.1138,10.1725,42.66,85,100,17.2,overcast clouds
300,Samarinda,ID,-0.5,117.15,79.7,79,100,1.23,overcast clouds
301,Coihaique,CL,-45.5752,-72.0662,58.95,58,82,4.61,broken clouds
302,Doda,IN,33.1333,75.5667,47.84,62,100,3.51,overcast clouds
303,Jiaxing,CN,30.7522,120.75,46.42,70,6,6.64,clear sky
304,Gat,IL,31.61,34.7642,56.39,100,99,7.43,overcast clouds
305,Rocha,UY,-34.4833,-54.3333,58.21,62,50,6.67,scattered clouds
306,Conde,BR,-7.2597,-34.9075,80.06,83,40,5.75,scattered clouds
307,Eyl,SO,7.9803,49.8164,71.74,73,57,11.77,broken clouds
308,Tarakan,ID,3.3,117.6333,83.7,74,40,3.44,scattered clouds
309,Kaitangata,NZ,-46.2817,169.8464,60.93,71,99,6.62,overcast clouds
310,Norman Wells,CA,65.282,-126.8329,-7.56,71,75,2.3,light snow
311,Sarangani,PH,5.4033,125.4636,81.34,74,75,19.86,broken clouds
312,Longyearbyen,SJ,78.2186,15.6401,15.64,92,75,6.91,light snow
313,Khandyga,RU,62.6667,135.6,-26.37,94,64,1.3,broken clouds
314,Poum,NC,-20.2333,164.0167,82.89,76,99,11.14,overcast clouds
315,Cockburn Town,TC,21.4612,-71.1419,77.65,83,0,17.16,clear sky
316,Utica,US,43.1009,-75.2327,15.91,76,57,8.75,broken clouds
317,Fortuna,US,40.5982,-124.1573,59.47,95,100,0.0,overcast clouds
318,Marathon,US,44.9,-89.7668,6.66,59,75,0.0,broken clouds
319,Kiama,AU,-34.6833,150.8667,84.38,58,95,11.99,overcast clouds
320,Upernavik,GL,72.7868,-56.1549,-3.35,96,100,4.47,overcast clouds
321,Santa Vitoria Do Palmar,BR,-33.5189,-53.3681,59.31,66,0,7.36,clear sky
322,Kisanga,TZ,-7.4362,37.7034,74.1,97,100,1.28,light rain
323,Nicolas Bravo,MX,18.45,-88.9167,68.43,84,98,6.13,overcast clouds
324,Sinjai,ID,-5.1241,120.253,76.84,92,100,3.96,overcast clouds
325,Lingao,CN,19.9103,109.6859,61.86,88,100,10.33,overcast clouds
326,Zhangjiakou,CN,40.81,114.8794,3.27,64,8,7.65,light snow
327,Hofn,IS,64.2539,-15.2082,22.73,67,31,9.91,scattered clouds
328,Deputatskiy,RU,69.3,139.9,-11.51,95,98,4.79,overcast clouds
329,Itarema,BR,-2.9248,-39.9167,79.45,81,24,12.44,few clouds
330,Shimoda,JP,34.6667,138.95,43.16,66,100,17.65,overcast clouds
331,Aykhal,RU,66.0,111.5,-6.48,54,44,1.77,scattered clouds
332,Moose Factory,CA,51.2585,-80.6094,-16.62,83,0,2.3,clear sky
333,Kainan,JP,34.15,135.2,48.2,63,100,13.6,overcast clouds
334,Cabra,ES,37.4725,-4.4421,56.39,82,90,1.99,overcast clouds
335,Charters Towers,AU,-20.1,146.2667,85.21,39,24,15.35,few clouds
336,Tual,ID,-5.6667,132.75,80.67,76,76,7.36,broken clouds
337,Garza Garcia,MX,25.6667,-100.4,61.84,49,88,5.01,overcast clouds
338,Zyryanka,RU,65.75,150.85,-20.51,89,12,6.46,few clouds
339,Xiaoyi,CN,34.6178,109.703,43.52,47,4,10.6,clear sky
340,Lagunas,PE,-5.2269,-75.6753,73.58,91,100,2.42,overcast clouds
341,Whitianga,NZ,-36.8333,175.7,67.89,66,40,4.9,scattered clouds
342,Kutum,SD,14.2,24.6667,58.08,20,7,8.34,clear sky
343,Santo Antonio Do Ica,BR,-3.1022,-67.9397,73.08,99,100,1.81,moderate rain
344,Chernenko,RU,44.365,39.3103,29.23,84,94,4.25,overcast clouds
345,Tempio Pausania,IT,40.8974,9.1035,34.83,84,36,3.27,scattered clouds
346,Alanya,TR,36.5438,31.9998,51.93,59,7,5.26,clear sky
347,Fez,MA,34.0372,-4.9998,48.45,42,0,8.05,clear sky
348,Mikuni,JP,36.2171,136.1519,42.71,58,41,19.51,scattered clouds
349,Triunfo,BR,-29.9433,-51.7181,70.29,94,4,2.24,clear sky
350,Vila Velha,BR,-20.3297,-40.2925,75.15,97,40,3.44,scattered clouds
351,Le Passage,FR,44.2014,0.6028,51.84,87,100,3.44,overcast clouds
352,Louth,GB,53.3666,-0.0044,46.36,93,75,8.05,moderate rain
353,Victoria,HK,22.2855,114.1577,64.26,73,48,4.0,scattered clouds
354,Nome,US,64.5011,-165.4064,-2.13,60,0,0.0,clear sky
355,Arlit,NE,18.7369,7.3853,65.75,12,0,5.48,clear sky
356,Kapoeta,SS,4.7717,33.5903,81.32,31,99,6.69,overcast clouds
357,Aiani,GR,40.1667,21.8167,35.33,93,42,3.44,scattered clouds
358,Scituate,US,42.1959,-70.7259,30.22,89,100,8.05,snow
359,Saint-Pierre,RE,-21.3393,55.4781,80.24,73,0,4.61,clear sky
360,Jiangkou,CN,25.4872,119.1986,55.29,87,100,11.18,overcast clouds
361,Nguruka,TZ,-5.1092,31.0419,63.07,93,100,2.68,overcast clouds
362,Hasaki,JP,35.7333,140.8333,41.4,57,100,28.32,overcast clouds
363,Palmer,US,42.1584,-72.3287,26.92,55,100,9.22,overcast clouds
364,Sorland,NO,67.667,12.6934,34.38,60,99,27.45,light snow
365,Constitucion,CL,-35.3333,-72.4167,58.86,90,64,2.93,broken clouds
366,Gornyy,RU,55.1153,83.9059,20.82,93,100,16.06,light snow
367,Nizwa,OM,22.9333,57.5333,58.32,65,0,2.26,clear sky
368,Varberg,SE,57.1056,12.2508,40.24,90,100,19.6,overcast clouds
369,Portel,BR,-1.9356,-50.8211,73.83,93,91,2.82,overcast clouds
370,Touros,BR,-5.1989,-35.4608,81.5,75,5,13.02,clear sky
371,Nerchinskiy Zavod,RU,51.3088,119.61,-7.28,94,100,2.75,overcast clouds
372,Marsh Harbour,BS,26.5412,-77.0636,72.66,89,100,19.17,overcast clouds
373,Solnechnyy,RU,50.7214,136.6319,13.62,86,100,6.02,overcast clouds
374,Quatre Cocos,MU,-20.2078,57.7625,80.71,89,100,14.29,moderate rain
375,Riyadh,SA,24.6877,46.7219,46.54,34,0,8.37,clear sky
376,Sechura,PE,-5.5569,-80.8222,74.75,72,98,11.27,overcast clouds
377,Amarante,BR,-6.2411,-42.8547,74.7,92,100,2.51,overcast clouds
378,Buin,CL,-33.7333,-70.75,71.74,71,1,2.44,clear sky
379,Basco,PH,20.4487,121.9702,74.39,85,100,26.66,overcast clouds
380,Tongren,CN,27.7172,109.1853,47.03,73,46,0.78,scattered clouds
381,Matara,LK,5.9485,80.5353,74.39,85,62,5.41,broken clouds
382,Yelizovo,RU,53.1873,158.3805,24.94,53,75,18.01,broken clouds
383,Zarautz,ES,43.2844,-2.1699,50.61,80,100,13.33,overcast clouds
384,Zhigansk,RU,66.7697,123.3711,-32.57,98,56,1.77,broken clouds
385,Zheleznodorozhnyy,RU,55.7503,38.0042,28.22,86,100,11.05,light snow
386,Porto Santo,PT,33.072,-16.3415,60.71,72,20,4.61,few clouds
387,Hervey Bay,AU,-25.2986,152.8535,82.51,79,22,19.35,few clouds
388,Chicama,PE,-7.8447,-79.1469,68.54,69,61,4.61,broken clouds
389,Mayo,US,38.8876,-76.5119,33.06,64,0,9.22,clear sky
390,Aquiraz,BR,-3.9014,-38.3911,83.17,86,19,10.49,few clouds
391,Itupiranga,BR,-5.1347,-49.3267,70.45,97,98,1.43,overcast clouds
392,Temerloh,MY,3.4483,102.4176,78.49,87,99,1.61,overcast clouds
393,Pevek,RU,69.7008,170.3133,-15.95,97,100,8.41,overcast clouds
394,Boysun,UZ,38.2061,67.1986,34.59,83,77,2.84,broken clouds
395,Booue,GA,-0.0921,11.9385,71.76,95,100,1.72,overcast clouds
396,Tura,IN,25.5198,90.2201,59.94,63,0,3.27,clear sky
397,Kautokeino,NO,69.0125,23.0412,-14.44,100,62,3.6,broken clouds
398,Piste,MX,20.7,-88.5833,67.32,79,15,5.91,few clouds
399,Archidona,ES,37.0965,-4.3887,49.66,82,92,2.89,overcast clouds
400,Alexandria,EG,31.2156,29.9553,51.76,87,40,4.61,scattered clouds
401,Mount Gambier,AU,-37.8333,140.7667,76.91,47,23,12.66,few clouds
402,Saldanha,ZA,-33.0117,17.9442,66.25,90,0,14.07,clear sky
403,Linz,AT,48.3064,14.2861,34.11,87,1,2.3,clear sky
404,Syumsi,RU,57.1111,51.6149,-2.78,100,100,0.94,overcast clouds
405,Savannah Bight,HN,16.45,-85.85,79.0,76,1,13.04,clear sky
406,Minggang,CN,32.4586,114.0486,45.16,65,44,1.54,scattered clouds
407,Kirakira,SB,-10.4544,161.9205,80.04,84,100,4.09,overcast clouds
408,Port Hedland,AU,-20.3167,118.5667,96.85,41,21,17.27,few clouds
409,Saint-Paul,RE,-21.0096,55.2707,80.69,79,7,1.05,clear sky
410,Waverley,ZA,-25.7023,28.2591,73.17,76,53,1.14,broken clouds
411,Kupang,ID,-10.1667,123.5833,84.11,66,4,2.53,clear sky
412,Ayna,PE,-12.65,-73.9167,58.73,93,99,1.28,overcast clouds
413,Carahue,CL,-38.7,-73.1667,55.6,98,100,2.44,overcast clouds
414,Meulaboh,ID,4.1363,96.1285,79.2,81,96,4.14,overcast clouds
415,Dillon,US,34.4166,-79.3712,45.82,91,100,13.06,overcast clouds
416,Chor,PK,25.5167,69.7667,61.03,61,0,6.8,clear sky
417,Maldonado,UY,-34.6667,-54.9167,67.23,61,12,7.87,few clouds
418,Khandbari,NP,27.3747,87.2039,54.12,52,1,1.52,clear sky
419,Zhangye,CN,38.9342,100.4517,25.21,81,100,2.77,light snow
420,Muravlenko,RU,63.7898,74.523,-17.45,100,99,8.46,overcast clouds
421,Moog,PH,8.6011,124.4658,80.31,79,90,3.29,overcast clouds
422,Port Shepstone,ZA,-30.7414,30.455,75.02,86,96,19.39,overcast clouds
423,Zlobin,HR,45.2924,14.6541,31.37,88,17,2.04,few clouds
424,Namie,JP,37.4833,141.0,41.97,64,100,12.17,overcast clouds
425,Anuradhapura,LK,8.3565,80.4173,71.28,92,28,5.26,scattered clouds
426,Alice Town,BS,25.7167,-79.3,74.82,66,100,21.25,overcast clouds
427,Chenghai,CN,23.4632,116.768,62.51,67,0,2.24,clear sky
428,Half Moon Bay,US,37.4636,-122.4286,70.48,63,0,11.5,clear sky
429,Oistins,BB,13.0667,-59.5333,77.09,73,75,16.11,broken clouds
430,Chumikan,RU,54.7183,135.315,1.36,77,83,4.79,broken clouds
431,Nara,JP,34.6851,135.8049,48.49,40,100,2.28,overcast clouds
432,Alekseyevka,RU,50.6309,38.6903,9.0,97,38,5.23,scattered clouds
433,Husavik,IS,66.0449,-17.3389,8.51,77,95,16.96,overcast clouds
434,Yantarnyy,RU,54.8717,19.9381,35.46,77,100,23.38,overcast clouds
435,Kurumkan,RU,54.3,110.3,-10.7,87,28,2.15,scattered clouds
436,Altay,CN,47.8667,88.1167,10.74,77,100,3.62,overcast clouds
437,Togur,RU,58.3631,82.8265,6.84,94,100,11.72,overcast clouds
438,Kalabo,ZM,-14.97,22.6814,65.34,90,26,0.45,scattered clouds
439,Ngunguru,NZ,-35.6167,174.5,75.16,57,56,6.46,broken clouds
440,Santo Amaro Da Imperatriz,BR,-27.6881,-48.7786,76.77,100,96,1.23,overcast clouds
441,Joshimath,IN,30.5667,79.5667,38.55,38,0,8.84,clear sky
442,Tumut,AU,-35.3,148.2167,85.19,28,99,6.02,overcast clouds
443,Dossor,KZ,47.5272,52.9811,24.13,89,8,15.79,clear sky
444,Christchurch,NZ,-43.5333,172.6333,67.91,63,75,6.91,broken clouds
445,Cumpas,MX,29.9833,-109.7833,64.71,16,0,7.31,clear sky
446,Khash,IR,28.2211,61.2158,45.16,65,70,8.32,broken clouds
447,Lipin Bor,RU,60.2622,37.9763,26.6,95,100,12.19,light snow
448,Puro,PH,12.4841,123.3827,81.68,72,91,10.98,overcast clouds
449,Port Blair,IN,11.6667,92.75,77.04,73,20,2.3,mist
450,Newport,GB,51.5877,-2.9984,46.45,84,100,3.0,overcast clouds
451,Fujin,CN,47.26,132.0322,3.02,91,82,4.32,broken clouds
452,Raga,SS,8.4596,25.678,67.84,16,46,3.89,scattered clouds
453,Maracaju,BR,-21.6144,-55.1683,78.71,52,75,4.25,broken clouds
454,Viedma,AR,-40.8135,-62.9967,79.39,20,0,11.23,clear sky
455,Saint Anthony,US,45.0205,-93.218,8.26,79,100,12.66,overcast clouds
456,Cherlak,RU,54.155,74.8055,-15.56,100,91,4.85,overcast clouds
457,Kununurra,AU,-15.7667,128.7333,76.98,94,36,6.91,moderate rain
458,Sibut,CF,5.718,19.0739,75.15,27,91,2.3,overcast clouds
459,Miramar,US,25.9873,-80.2323,69.82,79,0,12.66,clear sky
460,Micheweni,TZ,-4.9667,39.8333,78.35,81,33,7.58,scattered clouds
461,Jasper,US,37.2001,-94.3502,33.24,56,0,0.0,clear sky
462,Jalu,LY,29.0331,21.5482,52.29,60,0,5.86,clear sky
463,Senneterre,CA,48.3835,-77.2328,-19.98,95,18,0.85,few clouds
464,Portland,US,45.5234,-122.6762,57.42,64,75,5.75,broken clouds
465,Narsaq,GL,60.9167,-46.05,21.42,96,100,7.07,light snow
466,Port Macquarie,AU,-31.4333,152.9167,76.96,64,79,10.42,broken clouds
467,Tuatapere,NZ,-46.1333,167.6833,66.81,51,100,5.68,overcast clouds
468,Berdigestyakh,RU,62.0989,126.6992,-18.8,98,97,0.85,overcast clouds
469,High Level,CA,58.5169,-117.136,3.31,78,100,6.91,overcast clouds
470,Nagapattinam,IN,10.7667,79.8333,76.98,78,79,9.53,broken clouds
471,Bogande,BF,12.9714,-0.1436,73.92,12,8,8.75,clear sky
472,Appleton,US,44.2619,-88.4154,12.29,62,40,4.61,scattered clouds
473,Road Town,VG,18.4167,-64.6167,73.99,76,6,22.03,clear sky
474,Kimamba,TZ,-6.7833,37.1333,71.06,99,100,2.13,light rain
475,Cabedelo,BR,-6.9811,-34.8339,81.27,77,1,10.07,clear sky
476,Hoquiam,US,46.9809,-123.8893,50.54,84,0,9.22,clear sky
477,Wadi Musa,JO,30.3222,35.4793,41.02,68,73,4.18,broken clouds
478,Tigre,AR,-34.426,-58.5796,73.4,58,0,3.44,clear sky
479,Komsomolskiy,UZ,40.4272,71.7189,38.12,81,100,0.0,mist
480,Nemuro,JP,43.3236,145.575,28.83,87,100,14.25,overcast clouds
481,Chipinge,ZW,-20.1883,32.6236,59.45,69,1,2.3,clear sky
482,Harbour Breton,CA,47.4833,-55.7983,35.01,57,100,9.04,overcast clouds
483,Olinda,BR,-8.0089,-34.8553,83.93,70,40,6.91,scattered clouds
484,Vostok,RU,46.4856,135.8833,13.17,86,100,3.62,overcast clouds
485,Cheremisinovo,RU,51.8855,37.2646,19.51,86,53,9.89,broken clouds
486,Calvillo,MX,21.85,-102.7167,63.54,39,100,11.1,overcast clouds
487,Yumen,CN,40.2833,97.2,26.46,42,2,12.8,clear sky
488,Awbari,LY,26.5921,12.7805,50.74,31,0,10.4,clear sky
489,Sterling,US,39.0062,-77.4286,30.49,77,40,3.44,scattered clouds
490,Havre-Saint-Pierre,CA,50.2334,-63.5986,1.4,77,0,14.97,clear sky
491,San Lorenzo,PY,-25.3333,-57.5333,74.44,59,0,4.99,clear sky
492,Galesong,ID,-5.3166,119.3661,86.02,74,79,2.75,broken clouds
493,El Alto,PE,-4.2714,-81.2147,71.55,80,95,7.92,overcast clouds
494,Mirabad,AF,30.4362,61.8383,49.64,51,3,20.18,clear sky
495,Ipixuna,BR,-1.7625,-48.8043,76.95,97,99,2.68,overcast clouds
496,Galveston,US,29.3669,-94.9669,53.94,67,0,5.75,clear sky
497,Dubbo,AU,-32.25,148.6167,82.53,34,40,8.05,scattered clouds
498,Senanga,ZM,-16.1167,23.2667,65.52,94,65,3.51,moderate rain
499,Nanakuli,US,21.3906,-158.1547,80.55,45,100,10.36,overcast clouds
500,Mana,GF,5.6592,-53.7767,75.58,91,53,7.72,broken clouds
501,Yining,CN,29.0361,114.5636,48.65,70,5,0.98,clear sky
502,Bubaque,GW,11.2833,-15.8333,77.99,62,0,4.27,clear sky
503,Emerald,AU,-23.5333,148.1667,88.34,37,0,14.97,clear sky
504,Kibala,TD,9.1104,18.3463,77.54,17,100,5.19,overcast clouds
505,Klyuchi,RU,52.2667,79.1667,-3.03,99,59,4.63,broken clouds
506,Huarmey,PE,-10.0681,-78.1522,72.77,78,86,7.63,overcast clouds
507,Dauphin,CA,51.1494,-100.0502,-20.06,76,0,5.75,clear sky
508,Verin,ES,41.9415,-7.4381,42.57,90,44,7.18,scattered clouds
509,Gogrial,SS,8.5332,28.1004,72.88,17,91,5.79,overcast clouds
510,Kieta,PG,-6.2167,155.6333,84.02,72,100,5.08,light rain
511,Hambantota,LK,6.1241,81.1185,77.34,94,75,10.36,broken clouds
512,Cascais,PT,38.6979,-9.4215,54.52,70,0,20.0,clear sky
513,Marsa Matruh,EG,31.3525,27.2453,48.4,87,40,3.44,scattered clouds
514,Tambopata,PE,-12.7333,-69.1833,69.93,92,54,1.21,broken clouds
515,Bagdarin,RU,54.4333,113.6,-6.59,86,95,3.09,overcast clouds
516,Cape Canaveral,US,28.4058,-80.6048,65.03,83,0,3.44,clear sky
517,Ponta Delgada,PT,37.7333,-25.6667,58.5,67,75,4.61,broken clouds
518,Caceres,ES,39.522,-6.3748,43.81,97,36,9.42,scattered clouds
519,Kerema,PG,-7.9631,145.7785,83.32,70,97,6.71,light rain
520,Rio Gallegos,AR,-51.6226,-69.2181,44.65,45,0,12.66,clear sky
521,Grindavik,IS,63.8424,-22.4338,30.15,80,75,12.66,broken clouds
522,Thinadhoo,MV,0.5333,72.9333,81.61,73,89,8.88,overcast clouds
523,Shimanovsk,RU,52.0,127.7,8.08,88,100,4.47,overcast clouds
524,Skibotn,NO,69.3913,20.2679,26.69,95,99,7.11,light snow
525,Kourou,GF,5.1552,-52.6478,80.11,93,100,7.18,overcast clouds
526,Lazaro Cardenas,MX,17.9583,-102.2,77.13,69,89,0.36,overcast clouds
527,Makat,KZ,47.6469,53.3463,22.05,90,8,15.26,clear sky
528,Naze,JP,28.3667,129.4833,56.32,82,100,19.82,light rain
529,Ierapetra,GR,35.01,25.7353,54.14,70,5,15.01,clear sky
530,Mahajanga,MG,-15.7167,46.3167,75.79,91,43,9.1,scattered clouds
531,Union,US,40.6334,-74.2663,30.09,73,100,10.36,overcast clouds
532,Palana,RU,59.1167,159.9667,5.32,84,90,7.43,overcast clouds
533,Esfarayen,IR,37.0765,57.5101,33.46,74,34,4.56,scattered clouds
534,Udachnyy,RU,66.4167,112.4,-20.24,86,9,1.23,clear sky
535,Brzeg Dolny,PL,51.273,16.7082,39.2,69,6,10.51,clear sky
536,Malvern,US,34.3623,-92.813,45.32,59,0,4.76,clear sky
537,Calbuco,CL,-41.768,-73.1273,60.01,94,3,8.05,clear sky
538,Oriximina,BR,-1.7656,-55.8661,77.2,82,93,1.95,overcast clouds
539,Kasongo-Lunda,CD,-6.4667,16.8167,70.16,98,100,2.06,light rain
540,Zhuanghe,CN,39.7008,122.9911,25.48,60,94,10.58,overcast clouds
541,Vila Franca Do Campo,PT,37.7167,-25.4333,57.2,70,100,4.09,overcast clouds
542,Kasama,ZM,-10.2129,31.1808,59.16,96,80,2.89,broken clouds
543,Blagoyevo,RU,63.3667,47.9167,-0.63,99,68,4.76,broken clouds
544,Tukums,LV,56.9669,23.1553,31.35,80,100,11.56,overcast clouds
545,Rosetta,EG,31.4044,30.4164,51.62,72,0,8.79,clear sky
546,Erdenet,MN,49.0333,104.0833,-11.06,95,98,0.81,overcast clouds
547,Alofi,NU,-19.0595,-169.9187,84.09,70,98,10.36,overcast clouds
548,Mount Isa,AU,-20.7333,139.5,89.37,35,93,10.36,overcast clouds
549,Yuzhno-Kurilsk,RU,44.0306,145.8556,28.33,79,100,6.49,overcast clouds
550,Russell,US,32.3502,-85.1999,40.6,60,0,0.0,clear sky
551,Rio Grande,BR,-32.035,-52.0986,62.71,56,0,13.29,clear sky
552,Zlonice,CZ,50.2875,14.0921,34.63,85,1,5.39,clear sky
553,Xuanzhou,CN,30.9525,118.7553,47.52,65,99,2.98,overcast clouds
554,Santa Rosa,PH,14.3122,121.1114,83.1,73,30,8.16,scattered clouds
555,Mbandaka,CD,0.0487,18.2603,70.18,87,93,4.12,overcast clouds
556,Vanavara,RU,60.34,102.2797,-19.59,97,35,4.5,scattered clouds
557,Elizabeth City,US,36.2946,-76.2511,37.0,92,100,13.8,overcast clouds
558,Morro Bay,US,35.3658,-120.8499,70.74,54,0,1.01,clear sky
559,Kuusamo,FI,65.9667,29.1833,28.44,93,100,6.91,overcast clouds
560,Peleduy,RU,59.6289,112.7406,-17.95,97,74,0.78,broken clouds
561,Braganca,BR,-1.0536,-46.7656,75.45,94,100,2.73,overcast clouds
562,Ariquemes,BR,-9.9133,-63.0408,71.22,99,100,1.9,heavy intensity rain
563,Phek,IN,25.6667,94.5,43.38,60,0,1.63,clear sky
564,Khani,GE,41.9563,42.9566,31.57,79,100,7.34,overcast clouds
565,Yekaterinoslavka,RU,50.3734,129.1139,8.01,91,100,3.65,overcast clouds
566,Victoria Point,AU,-27.5833,153.3,82.69,78,23,10.0,light rain
567,Killarney,IE,52.05,-9.5167,40.19,90,24,7.63,few clouds
568,Port-Gentil,GA,-0.7193,8.7815,80.65,78,100,9.42,overcast clouds
569,Port Lincoln,AU,-34.7333,135.8667,71.87,69,15,11.99,few clouds
570,Buraydah,SA,26.326,43.975,39.65,32,0,4.94,clear sky
571,Panaba,MX,21.2833,-88.2667,69.6,77,11,15.88,few clouds
572,Ferzikovo,RU,54.5191,36.7567,24.44,89,94,12.86,light snow
573,Olavarria,AR,-36.8927,-60.3225,59.09,65,0,8.46,clear sky
574,Kurchum,KZ,48.5722,83.6542,12.63,94,100,2.06,overcast clouds
575,Anloga,GH,5.7947,0.8973,82.62,81,100,13.11,overcast clouds
576,Helong,CN,42.5397,128.9972,15.15,81,100,3.62,light snow
577,Ketchikan,US,55.3422,-131.6461,44.58,93,100,3.44,light rain
578,Asekeyevo,RU,53.5742,52.7972,0.39,100,98,3.49,overcast clouds
579,Kerewan,GM,13.4898,-16.0888,69.91,17,48,9.53,scattered clouds
580,Goderich,CA,43.7501,-81.7165,16.92,78,97,14.97,overcast clouds
581,Tucurui,BR,-3.7661,-49.6725,72.05,97,100,0.72,overcast clouds
582,Yaan,NG,7.3833,8.5667,78.73,14,97,3.83,overcast clouds
583,Qinhuangdao,CN,39.9317,119.5883,20.71,51,7,8.88,clear sky
584,Lima,PE,-12.0432,-77.0282,70.9,79,0,11.5,clear sky
585,Maniitsoq,GL,65.4167,-52.9,1.13,88,100,5.99,light snow
586,Rusape,ZW,-18.5278,32.1284,56.79,94,30,0.54,scattered clouds
587,Taltal,CL,-25.4,-70.4833,68.4,77,3,3.69,clear sky
588,Rawson,AR,-43.3002,-65.1023,73.94,40,4,3.65,clear sky
589,Ancud,CL,-41.8697,-73.8203,60.33,95,6,2.26,clear sky
590,Asau,RO,46.4333,26.4,27.95,80,97,3.96,overcast clouds
591,Aripuana,BR,-9.1667,-60.6333,72.05,99,84,1.34,broken clouds
592,Springbok,ZA,-29.6643,17.8865,73.17,47,12,3.51,few clouds
593,Harper,LR,4.375,-7.7169,76.98,87,32,3.74,scattered clouds
594,Luderitz,NA,-26.6481,15.1594,71.06,67,1,9.8,clear sky
595,Morgan City,US,29.6994,-91.2068,48.2,34,0,5.75,clear sky
596,Pemangkat,ID,1.1667,108.9667,80.33,82,96,2.71,overcast clouds
597,Lubango,AO,-14.9172,13.4925,57.4,76,77,3.04,broken clouds
598,Beyneu,KZ,45.3167,55.2,27.09,83,6,14.63,clear sky
599,Kushima,JP,31.4583,131.2333,53.64,81,100,9.31,overcast clouds
600,Mouscron,BE,50.7333,3.2167,52.11,66,100,22.3,overcast clouds
601,Olindina,BR,-11.3667,-38.3333,75.07,89,72,7.18,broken clouds
602,Ojinaga,MX,29.5667,-104.4167,58.15,19,0,0.0,clear sky
603,Beloha,MG,-25.1667,45.05,73.58,86,0,7.43,clear sky
604,Promyshlennaya,RU,54.9159,85.6385,18.55,86,100,13.02,overcast clouds
605,Houma,US,29.5958,-90.7195,50.0,50,0,1.99,clear sky
606,Rundu,NA,-17.9333,19.7667,65.34,88,97,2.62,overcast clouds
607,Chiradzulu,MW,-15.6746,35.1407,64.02,98,100,2.08,moderate rain
608,Mazagao,BR,-0.115,-51.2894,78.85,97,87,3.38,overcast clouds
609,Ledyard,US,41.4398,-72.0142,27.66,86,100,9.22,mist
610,Saumur,FR,47.3333,-0.25,46.51,91,100,13.4,overcast clouds
611,Doha,QA,25.2867,51.5333,62.58,67,0,8.05,clear sky
612,Homer,US,59.6425,-151.5483,36.81,75,0,9.22,clear sky
613,Juli,PE,-16.2167,-69.45,43.79,81,44,4.43,scattered clouds
614,Ranong,TH,9.9658,98.6348,85.93,82,82,3.62,broken clouds
615,Lethem,GY,3.3803,-59.7968,79.21,71,20,13.06,few clouds
616,Ostrovnoy,RU,68.0531,39.5131,21.61,71,100,27.07,overcast clouds
617,Port Augusta,AU,-32.5,137.7667,101.71,26,100,4.81,overcast clouds
618,Buchanan,LR,5.8808,-10.0467,78.22,87,23,4.81,few clouds
619,Anadyr,RU,64.75,177.4833,-32.01,66,20,11.18,mist
620,Teya,RU,60.3778,92.6267,-21.75,100,23,3.31,few clouds
621,Sola,VU,-13.8833,167.55,82.76,76,95,18.14,overcast clouds
622,Gondar,ET,12.6,37.4667,59.95,44,43,4.83,scattered clouds
623,Ossora,RU,59.2353,163.0719,2.39,77,78,7.83,broken clouds
624,Khasan,RU,42.4308,130.6434,19.58,50,100,4.23,overcast clouds
625,Puerto Escondido,MX,15.85,-97.0667,79.63,73,40,0.0,scattered clouds
626,Quelimane,MZ,-17.8786,36.8883,76.95,94,40,3.44,scattered clouds
627,Rio De Janeiro,BR,-22.9028,-43.2075,78.8,89,0,5.75,clear sky
628,Channel-Port Aux Basques,CA,47.5702,-59.1367,19.36,68,100,7.74,overcast clouds
629,Letterkenny,IE,54.95,-7.7333,44.02,91,100,10.51,light rain
630,San Cristobal,VE,7.7669,-72.225,73.58,77,100,1.32,overcast clouds
631,Ambon,ID,-3.6954,128.1814,86.14,70,40,3.44,scattered clouds
632,Lokosovo,RU,61.1333,74.8167,-2.16,97,100,6.87,overcast clouds
633,Sur,OM,22.5667,59.5289,70.18,72,0,14.63,clear sky
634,Kloulklubed,PW,7.0419,134.2556,81.1,81,97,20.74,overcast clouds
635,Sakiai,LT,54.9547,23.0358,32.25,77,100,11.83,overcast clouds
636,Luangwa,ZM,-15.6167,30.4167,69.39,94,97,1.63,light rain
637,Afyonkarahisar,TR,38.75,30.6667,30.22,88,11,1.97,few clouds
638,Katangli,RU,51.7102,143.2326,5.16,77,8,11.52,clear sky
639,Ludwigsfelde,DE,52.3,13.2667,42.01,71,0,5.75,clear sky
640,Pychas,RU,56.5033,52.4409,-1.7,100,100,3.09,light snow
641,Pulandian,CN,39.3953,121.9669,19.53,76,49,20.22,scattered clouds
642,Rorvik,NO,64.8621,11.2373,35.89,56,98,19.46,overcast clouds
643,Katima Mulilo,NA,-17.5,24.2667,66.22,89,56,2.68,broken clouds
644,Pleshanovo,RU,52.8333,53.4833,4.33,100,82,4.79,broken clouds
645,Ordu,TR,40.9086,37.6845,32.5,94,100,1.54,overcast clouds
646,Minab,IR,27.1467,57.0801,62.92,77,40,2.3,haze
647,Waipawa,NZ,-41.4122,175.5153,61.45,69,100,13.24,overcast clouds
648,Ucluelet,CA,48.9329,-125.5528,48.09,86,100,4.0,overcast clouds
649,Santa Cruz De Tenerife,ES,28.4682,-16.2546,63.01,87,20,9.22,few clouds
650,Pangody,RU,65.85,74.4859,-14.66,99,99,8.52,overcast clouds
651,Okhotsk,RU,59.3833,143.3,-4.59,75,0,14.23,clear sky
652,Bilma,NE,18.6853,12.9164,63.19,15,0,6.78,clear sky
653,Maningrida,AU,-12.0667,134.2667,87.24,57,71,9.08,broken clouds
654,Monte Santo De Minas,BR,-21.1897,-46.9803,65.71,95,6,3.6,clear sky
655,Sopelana,ES,43.3789,-2.9831,50.41,73,0,3.0,clear sky
656,Gundlupet,IN,11.8,76.6833,64.85,76,4,2.33,clear sky
657,Bandarbeyla,SO,9.4942,50.8122,73.44,74,100,12.55,overcast clouds
658,Hamilton,US,39.1834,-84.5333,21.4,77,40,9.22,scattered clouds
659,Talanga,HN,14.4,-87.0833,75.74,83,0,5.64,clear sky
660,Nago,JP,26.5881,127.9761,64.83,90,100,12.5,overcast clouds
661,Rio Bananal,BR,-19.265,-40.3333,72.61,97,13,1.34,few clouds
662,Banfora,BF,10.6333,-4.7667,74.41,13,0,5.66,clear sky
663,Erenhot,CN,43.6475,111.9767,-4.94,86,10,2.01,clear sky
664,Sungaipenuh,ID,-2.0833,101.3833,74.01,56,87,1.95,moderate rain
665,Jurm,AF,36.8648,70.8342,34.54,95,100,2.37,snow
666,Sao Joao Da Barra,BR,-21.6403,-41.0511,77.09,88,31,13.42,scattered clouds
667,Ola,RU,59.5833,151.2833,6.21,68,99,8.75,overcast clouds
668,Camacha,PT,33.0833,-16.3333,57.96,72,20,4.61,few clouds
669,Krasnoselkup,RU,65.7,82.4667,-3.8,94,67,14.32,broken clouds
670,Sitka,US,57.0531,-135.33,42.69,81,100,4.61,overcast clouds
671,Bang Racham,TH,14.892,100.3173,88.05,58,55,5.53,moderate rain
672,Wasilla,US,61.5814,-149.4394,32.74,92,100,0.0,mist
673,Sal Rei,CV,16.1833,-22.9167,70.36,72,99,19.98,overcast clouds
674,Goma,CD,-1.6792,29.2228,61.75,86,99,2.89,overcast clouds
675,Torbat-E Jam,IR,35.244,60.6225,37.94,76,17,10.89,few clouds
676,Coahuayana,MX,18.7333,-103.6833,87.28,71,93,2.21,overcast clouds
677,Cassilandia,BR,-19.1133,-51.7342,72.68,88,66,2.57,broken clouds
678,Atlantic City,US,39.3643,-74.4229,32.04,92,100,13.8,mist
679,Carsamba,TR,41.1989,36.7219,40.75,93,75,0.0,broken clouds
680,Grootfontein,NA,-19.5667,18.1167,65.46,88,100,4.97,light rain
681,Saryozek,KZ,44.3583,77.9753,23.9,79,100,3.85,overcast clouds
682,Ostersund,SE,63.1792,14.6357,27.05,86,100,8.05,overcast clouds
683,Vanimo,PG,-2.6741,141.3028,82.17,80,100,1.3,overcast clouds
684,Skibbereen,IE,51.55,-9.2667,40.8,80,34,13.38,scattered clouds
685,Baruun-Urt,MN,46.6806,113.2792,-9.17,87,36,3.04,scattered clouds
686,Clarksdale,US,34.2001,-90.5709,41.92,65,75,0.0,broken clouds
687,Hovd,MN,48.0056,91.6419,-9.26,82,77,1.92,broken clouds
688,Tautira,PF,-17.7333,-149.15,86.02,78,72,16.53,light rain
689,Abu Kamal,SY,34.4506,40.9171,50.9,37,0,6.64,clear sky
690,Plettenberg Bay,ZA,-34.0527,23.3716,67.08,92,100,11.61,light rain
691,Lazarev,RU,52.225,141.5131,-3.68,93,51,10.33,broken clouds
692,Turbo,CO,8.0937,-76.7269,77.13,91,99,8.46,overcast clouds
693,Kuytun,RU,54.3419,101.5036,-15.61,100,100,5.61,overcast clouds
694,Bairiki,KI,1.3292,172.9752,86.0,70,20,8.05,few clouds
695,Innisfail,AU,-17.5333,146.0333,79.7,83,76,12.75,broken clouds
696,Bathsheba,BB,13.2167,-59.5167,77.61,73,75,16.11,broken clouds
697,Egvekinot,RU,66.3167,-179.1667,-17.41,90,13,7.05,few clouds
698,Chaykovskaya,RU,58.1279,55.5378,13.89,100,100,2.64,overcast clouds
699,Hay River,CA,60.8156,-115.7999,-9.42,77,75,6.91,broken clouds
700,Novichikha,RU,52.204,81.3877,21.25,94,100,13.47,light snow
701,Jiangyou,CN,31.7667,104.7167,47.79,74,100,0.36,overcast clouds
